province,destination,month,export_value,ln_export,treated,post,exchange_rate,province_gdp_growth,inflation
P01,D_US,2024m11,1200,7.0901,1,0,7.12,0.045,0.008
P01,D_US,2025m01,1050,6.9565,1,1,7.18,0.044,0.009
P01,D_EU,2024m11,980,6.8876,0,0,7.12,0.045,0.008
P01,D_EU,2025m01,1010,6.9177,0,1,7.18,0.044,0.009
P02,D_US,2024m11,850,6.7452,1,0,7.12,0.039,0.007
P02,D_US,2025m01,760,6.6333,1,1,7.18,0.038,0.008
P02,D_EU,2024m11,790,6.6720,0,0,7.12,0.039,0.007
P02,D_EU,2025m01,810,6.6970,0,1,7.18,0.038,0.008

